census,record_id,type_id,char_id,recoding_id_blind,recoding_id_open_stage5
organizational_forms,OF-0078,commenda,TS2,OF-R0107,OF-R0149
organizational_forms,OF-0079,commenda,AP3,OF-R0108,OF-R0150
organizational_forms,OF-0080,commenda,LR1,OF-R0109,OF-R0151
organizational_forms,OF-0081,commenda,LR2,OF-R0110,OF-R0152
organizational_forms,OF-0082,commenda,LR3,OF-R0111,OF-R0153
organizational_forms,OF-0083,commenda,LR4,OF-R0112,OF-R0154
organizational_forms,OF-0084,commenda,LR5,OF-R0113,OF-R0155
organizational_forms,OF-0085,commenda,CF1,OF-R0114,OF-R0156
organizational_forms,OF-0086,commenda,CF2,OF-R0115,OF-R0157
organizational_forms,OF-0087,commenda,CF3,OF-R0116,OF-R0158
organizational_forms,OF-0090,commenda,LR6,OF-R0117,OF-R0159
organizational_forms,OF-0283,societas_maris,TS2,OF-R0118,OF-R0160
organizational_forms,OF-0284,societas_maris,AP3,OF-R0119,OF-R0161
organizational_forms,OF-0285,societas_maris,LR1,OF-R0120,OF-R0162
organizational_forms,OF-0286,societas_maris,LR2,OF-R0121,OF-R0163
organizational_forms,OF-0287,societas_maris,LR3,OF-R0122,OF-R0164
organizational_forms,OF-0288,societas_maris,LR4,OF-R0123,OF-R0165
organizational_forms,OF-0289,societas_maris,LR5,OF-R0124,OF-R0166
organizational_forms,OF-0290,societas_maris,CF1,OF-R0125,OF-R0167
organizational_forms,OF-0291,societas_maris,CF2,OF-R0126,OF-R0168
organizational_forms,OF-0292,societas_maris,CF3,OF-R0127,OF-R0169
organizational_forms,OF-0293,societas_maris,LR6,OF-R0128,OF-R0170
organizational_forms,OF-0550,commenda,LP1,OF-R0129,OF-R0171
organizational_forms,OF-0551,commenda,LP2,OF-R0130,OF-R0172
organizational_forms,OF-0552,commenda,LP3,OF-R0131,OF-R0173
organizational_forms,OF-0553,commenda,AP1,OF-R0132,OF-R0174
organizational_forms,OF-0554,commenda,AP2,OF-R0133,OF-R0175
organizational_forms,OF-0555,commenda,AP4,OF-R0134,OF-R0176
organizational_forms,OF-0556,commenda,CI1,OF-R0135,OF-R0177
organizational_forms,OF-0557,commenda,CI2,OF-R0136,OF-R0178
organizational_forms,OF-0558,commenda,CI3,OF-R0137,OF-R0179
organizational_forms,OF-0559,commenda,CI4,OF-R0138,OF-R0180
organizational_forms,OF-0560,societas_maris,LP1,OF-R0139,OF-R0181
organizational_forms,OF-0561,societas_maris,LP2,OF-R0140,OF-R0182
organizational_forms,OF-0562,societas_maris,LP3,OF-R0141,OF-R0183
organizational_forms,OF-0563,societas_maris,AP1,OF-R0142,OF-R0184
organizational_forms,OF-0564,societas_maris,AP2,OF-R0143,OF-R0185
organizational_forms,OF-0565,societas_maris,AP4,OF-R0144,OF-R0186
organizational_forms,OF-0566,societas_maris,CI1,OF-R0145,OF-R0187
organizational_forms,OF-0567,societas_maris,CI2,OF-R0146,OF-R0188
organizational_forms,OF-0568,societas_maris,CI3,OF-R0147,OF-R0189
organizational_forms,OF-0569,societas_maris,CI4,OF-R0148,OF-R0190
loss_mitigation_forms,LM-0527,commenda_alloc,MC1,LM-R0020,LM-R0039
loss_mitigation_forms,LM-0528,commenda_alloc,MB3,LM-R0021,LM-R0040
loss_mitigation_forms,LM-0529,commenda_alloc,RB1,LM-R0022,LM-R0041
loss_mitigation_forms,LM-0530,commenda_alloc,RB2,LM-R0023,LM-R0042
loss_mitigation_forms,LM-0531,commenda_alloc,RB3,LM-R0024,LM-R0043
loss_mitigation_forms,LM-0532,commenda_alloc,RB4,LM-R0025,LM-R0044
loss_mitigation_forms,LM-0533,commenda_alloc,PR1,LM-R0026,LM-R0045
loss_mitigation_forms,LM-0534,commenda_alloc,PY0,LM-R0027,LM-R0046
loss_mitigation_forms,LM-0535,commenda_alloc,VF1,LM-R0028,LM-R0047
loss_mitigation_forms,LM-0536,commenda_alloc,VF2,LM-R0029,LM-R0048
loss_mitigation_forms,LM-0555,societas_maris,MC1,LM-R0030,LM-R0049
loss_mitigation_forms,LM-0556,societas_maris,MB3,LM-R0031,LM-R0050
loss_mitigation_forms,LM-0557,societas_maris,RB1,LM-R0032,LM-R0051
loss_mitigation_forms,LM-0558,societas_maris,RB2,LM-R0033,LM-R0052
loss_mitigation_forms,LM-0559,societas_maris,RB3,LM-R0034,LM-R0053
loss_mitigation_forms,LM-0560,societas_maris,RB4,LM-R0035,LM-R0054
loss_mitigation_forms,LM-0561,societas_maris,PR1,LM-R0036,LM-R0055
loss_mitigation_forms,LM-0562,societas_maris,PY0,LM-R0037,LM-R0056
loss_mitigation_forms,LM-0563,societas_maris,VF1,LM-R0038,LM-R0057
