code,name,tradition,period,key_source,cooccurs_with,cooccurrence_basis
chartered_corporation_england,English chartered joint-stock business corporation,English (common law; incorporation by Crown prerogative or Act of Parliament),"1720-1844 (Bubble Act to the Joint Stock Companies Act 1844); ALL CODED CELLS REST ON c.1660-1837 EVIDENCE, DENSEST 1766-1825, AND NONE ON 1720-1740","SCOPE, FIXED BY THE MAINTAINER AND NOT REOPENED HERE: the English BUSINESS CORPORATION incorporated by Royal Charter, letters patent or Act of Parliament, trading on a JOINT STOCK - Harris's own 'joint-stock business corporation', the subject of his chapters 2 and 5 and the last row of his Table 1.1 (printed 34-35), whose Restrictions column reads 'Can be formed only by state sanction'. CONSTITUTIVE INSTRUMENT: a charter, letters patent or act, in the form Harris quotes verbatim at printed 98 - 'one body politic and corporate . . . shall have perpetual succession, and shall have a common seal, and by the name shall and may sue and be sued, and also shall and may have power and authority to purchase lands . . . without incurring any of the penalties or forfeitures of the Statute of Mortmain' (preambles to 6 Geo. III c.96 and c.97, 1766). OUT OF SCOPE, ALL FOUR EXCLUSIONS MAINTAINER-SET. (1) deed_of_settlement_company, the unincorporated counterpart, already coded from Televantos 2020 and not reasoned about here. (2) The VOC and every Dutch company: coded from nowhere in this batch, and in the event Harris 2000 barely mentions them - 'VOC' 2 hits and 'Dutch East India' 2 hits across 349 PDF pages, measured. (3) The pre-1600 regulated, guild, municipal and ecclesiastical corporation. (4) Harris's REGULATED corporation, which is a chartered business corporation but is separated from this row on CI1 and LR3: its members 'traded in their own stock, taking risks and liabilities individually' while the joint-stock corporation 'traded in only one account' (printed 32-33). That exclusion is the coder's, made on the source's own distinction, and is flagged for the maintainer. THE SCOPE RULE THE joint_stock ROW IMPOSES WAS APPLIED CELL BY CELL AND THE JUDGEMENT IS RECORDED IN EACH NOTE: where a source uses 'joint stock company' of an English concern between 1720 and 1844 it may name the unincorporated form, so no cell took a value until the passage was shown to bear on a chartered entity. The one place this mattered is CI2, where Harris's sentence at printed 191 says 'the joint-stock company' and the following page fixes the comparison set as 'the joint-stock corporation, the common-law partnership, and the unincorporated company' (192). SOURCE. Harris, R., Industrializing English Law: Entrepreneurship and Business Organization, 1720-1844 (Cambridge University Press). CITED THROUGHOUT AS Harris 2000. The file's copyright page reads 'Cambridge University Press 2004' over 'First published in printed format 2000' and carries both an eBook and a hardback ISBN (0-511-03380-X, 0-521-66275-3): this is the electronic reissue of the 2000 typesetting, so the pagination is the one the literature cites and the 2000 date is correct. Text layer clean, extracted with pdftotext -layout; no OCR, no missing language pack, 349 PDF pages. PAGE OFFSET printed = PDF - 18, HANDED OVER BY THE OPERATOR AND RE-DERIVED HERE RATHER THAN TAKEN ON TRUST, because a session that takes an offset on trust cannot catch a transcription error in the record it was handed. Verified at SIXTEEN running heads spanning the whole book, on both rectos and versos: PDF 20/25/30/40/60/80/120/150/180/200/220/250/280/300/320/349 give printed 2/7/12/22/42/62/102/132/162/182/202/232/262/282/302/331. Verified again at SIX structural points against the table of contents: chapter 6 opens at printed 137, chapter 7 at 168, Appendix 1 at 295, the Bibliography at 301, the General Index at 326, and the 'Limited Liability' section heading falls inside printed 127. Constant at all twenty-two points. PERIOD, AND THE OPEN QUESTION THE MAINTAINER LEFT IS ANSWERED WITH EVIDENCE AGAINST BOTH OFFERED OPTIONS. The question was whether the row starts in 1600 with the EIC or in 1720 with the Bubble Act. NEITHER DATE IS A CHANGE POINT IN THE FORM ON HARRIS'S OWN ACCOUNT. Against 1600: the first English corporation to trade on a joint stock was the Russia Company, 'founded in 1553 and chartered in 1555' (printed 43), 'The notion of joint stock only appeared in 1553' (24), and the East India Company, 'initiated in 1599 and chartered in 1600' (43), is not the origin of the form but the one company in which permanent joint stock survived - 'permanent joint-stock turned out to be a problematic and undesirable feature for the early business corporations. It survived only in the exceptional case of the East India Company' (45). A 1600 start therefore rests on a company that is exceptional in Harris's account rather than typical of it. Against 1720: Harris devotes a section to the question and answers it in the negative - the Bubble Act's wording was 'very broad and general', its enforcement weak, and it was 'practically a dead letter' with a single reported eighteenth-century prosecution; 'The Bubble Act was not as well defined a turning point as many have argued and its impact on the developments up to the end of the eighteenth century was minimal' (78-81). THE TITLE'S DATE IS THE BOOK'S PERIODISATION, NOT A CLAIM ABOUT THE INSTITUTION, and it was not inherited. THE PROPOSAL IS 1720-1844 NEVERTHELESS, AND THE REASON IS THE CELLS RATHER THAN THE NARRATIVE. Four coded characteristics take a DIFFERENT value before roughly 1680, so any earlier start would put this row inside the condition that split voc on 2026-08-29 and stripped joint_stock of its cells on 2026-09-06 - a type spanning both values of a characteristic. CI1: several-accounts before the 1620s, the Russia Company reorganised in 1586 on 'several separate accounts, each for a period of one to three years' and moving to 'individual accounts' by 1622-1623 (45); common thereafter (33). CI2: no permanent stock before the 1680s (45), permanent stock in the corporations formed after the Restoration (52). FP2: monopoly 'an almost inherent characteristic of the early business corporations' (41), 'no longer an essential part of every incorporation' after the 1680s (52). MG3: 'The typical charter of a business corporation limited its membership by demanding relatively high membership fees' (41), against open public subscription after 1720 (114). 1844 is the terminal date on the source's own account, the Joint Stock Companies Registration Act being where registration replaces authorisation (282-288). PERIOD AND EVIDENCE ARE NOT CO-EXTENSIVE, AND THIS ROW SAYS SO IN THE HEADER BECAUSE IT IS THIS CENSUS'S STANDING WEAKNESS OF THIS KIND. The claimed period is 1720-1844. THE CODED CELLS REST ON EVIDENCE SPANNING c.1660-1837 AND ARE DENSEST FOR 1766-1825. Four cells - LP1, LP2, LP3 and TS1 - rest on statements of the general law of corporations that Harris dates from the sixteenth century (18-19) together with acts of 1733 and 1766 (94, 98), so they are stable across and beyond the claimed period. CI3, CI4 and MG3 rest on 1740-1825 evidence (114, 117-118). FP4 rests partly on 1786-1837 statutes (274-277) and would flip to 1 at 1844 by definition. NOT ONE CELL RESTS ON EVIDENCE FROM 1720-1740, the first two decades the row claims. A REVIEWER SHOULD READ THIS ROW AS A ROW ABOUT c.1740-1830 THAT CLAIMS 1720-1844. DECLARATIONS, ALL FOUR MADE BEFORE ANY CELL WAS WRITTEN AND ALL BINDING ON EVERY CELL OF THIS ROW. (i) HARRIS 2000 AND HARRIS 2020 ARE ONE AUTHOR TWICE. The joint_stock row is coded from Harris 2020, 'A new understanding of the history of limited liability', whose section 2.3 restates material this book carries. NO CELL OF THIS ROW MAY BE COUNTED AS A SECOND WITNESS TO ANYTHING THAT ROW OR ITS SOURCE SAYS. This binds hardest at AP3 and LR1, where this row's .NR and that article's thesis are the same claim reaching the census twice. (ii) HARRIS 2000 IS INDEPENDENT OF HANSMANN, KRAAKMAN AND SQUIRE, AND IT WAS MEASURED, NOT ASSUMED: across the full text 'Hansmann' 0 hits, 'Kraakman' 0, 'Squire' 0, 'asset partitioning' 0, 'entity shielding' 0, 'affirmative asset' 0; also 'Dari-Mattiacci' 0 and 'Gelderblom' 0. THAT IS THE POINT OF THIS BATCH. Four rows in this census sit inside the HKS grid - compagnia, whose AP1 and fourteen other cells rest on HKS 2006, and the two Antwerp rows and deed_of_settlement_company, which borrow the CATEGORY 'weak entity shielding' from it. This row does not. BUT THE INDEPENDENCE BUYS LESS THAN IT PROMISED, AND THE ROW SAYS SO: because Harris never asks the ranking question, AP1 is .NR and this row cannot corroborate or contradict any HKS-derived cell. An independent witness who does not testify on the disputed point is not a corroboration and not a refutation. (iii) THIS IS EFFECTIVELY A SINGLE-WITNESS ROW. Every one of the twenty-three substantive cells rests on Harris 2000 and on nothing else. Nothing internal to it corroborates it and it may not be treated as two cases against anything. Dari-Mattiacci et al. 2013 was NOT used, on any cell, including the East India Company: it is already the source of the three voc rows, and Harris rejects its reading of the VOC by name in the 2020 article the joint_stock row is coded from, so using it here would enter one witness twice on one side of a dispute the census already holds open. (iv) ASYMMETRIC SPEND, DECLARED AND NOT TESTED. Where this row's coding agrees with Harris 2020 - and at AP3, LR1 and the period argument it agrees closely - THAT AGREEMENT IS NOT INDEPENDENT CORROBORATION. It is one author's argument reaching the census twice: once through the source, and once through the operator who selected the source because of what that author argues. The selection was made on a source-quality criterion, and that does not make it not so. This is declared, not measured, and cannot be measured from inside the batch. CO-OCCURRENCE, DECLARED BY THE MAINTAINER BEFORE ANY ROW EXISTED. deed_of_settlement_company at same-polity: same polity, same century, contrasting regimes on the first characteristic either touches - this row codes LP1=1 from a quoted incorporation clause, that row codes LP1=0 - and no shared source. NOT DECLARED against joint_stock, which is an uncoded umbrella this row replaces as the narrowed referent its own key_source recommends ('The narrowed row is nonetheless the right acquisition and is recommended'). NOT DECLARED against any voc row: Harris treating the East India Company and the VOC together is a SCOPE RULE in this batch, not a relation between institutions, and in this book he barely treats the VOC at all. THE REVERSE DECLARATION is written into deed_of_settlement_company's key_source prose per the maintainer's instruction; see the notes file for the coder's objection that in this instance the column could have carried it, that row's cooccurrence_basis already being same-polity. UMBRELLA RELATION. This row's referent lies inside joint_stock's extension. joint_stock carries zero cells as of 2026-09-06 and is a declared umbrella with a standing prohibition, so there is no coding collision; but NO SIMILARITY OR DIFFERENCE CLAIM ON ANY COMPONENT MAY PUT THIS ROW AND joint_stock ON THE SAME FOOTING, and the prohibition joint_stock carries against voc_1602, voc_1612, voc_1623, casa_san_giorgio, maona_chios and maona_corsica is not inherited by this row, which is a different and narrower referent coded from a different source. CODED 2026-09-07 by ai from the blind bundle _blind-chartered-corporation-2026-09-06; unreviewed. 32 cells: 23 substantive, 6 .NR, 3 .NA. source_read=partial and every cell says so. READ IN FULL: chapter 1 (14-36), chapter 2 (39-59), the section 'The Bubble Act: A Turning Point?' (78-81), chapter 5 entire (110-136), chapter 6's 'The Lack of Legal Entity' and the opening of 'The Role of the Trust' (141-147), chapter 4's canal sections (96-99), chapter 7's Ship Ownership, Mining and End Point (190-193), the opening of chapter 8 (203), chapter 10's Whig-era sections (270-278), and the Conclusion (287-293). NOT READ: chapter 3 apart from 78-81, chapter 4 apart from 96-101, chapter 6 from 147, chapter 7 apart from 190-193, chapters 8 and 9 apart from 203, chapter 10 apart from 270-278, the appendices and the bibliography. THE .NR CELLS AT AP1 AND AP2 DO NOT REST ON THAT PARTIAL READ: they rest on whole-text term sweeps ('priority' 0, 'partition' 0, 'creditor' 13 with all thirteen contexts read), which is full coverage of the question even though it is not a full read of the book. The repo's own check expects source_read=full beside a .NR; partial is entered here because it is true, and the discrepancy is flagged rather than papered over.",deed_of_settlement_company,same-polity
deed_of_settlement_company,Deed of settlement company (English unincorporated joint-stock company),English (common law and equity),c.1720-1844 (Bubble Act 1720 to the Joint Stock Companies Act 1844); ALL CODED CELLS REST ON 1790-1827 EVIDENCE,"SCOPE, WRITTEN 2026-09-05 BECAUSE THE WORKING SLUG NAMED A CLASS AND THE ROW MUST FIX ITS OWN REFERENT: the English UNINCORPORATED JOINT-STOCK COMPANY constituted by DEED OF SETTLEMENT - a partnership whose elaborately drafted articles excluded the default partnership rules and settled legal title to the circulating trade assets on a fixed body of trustees, with control divided between directors, a general court of proprietors and those trustees. CONSTITUTIVE INSTRUMENT: the deed of settlement (the articles of association), a private deed, with no Royal Charter, patent or Act of Parliament. Televantos's own glossary treats 'deed of settlement company' and 'joint stock company' as one term: 'A business which raised capital by issuing shares and/or bonds. This was distinct from a typical partnership, where the partners who managed the business provided the capital. Legally, deed of settlement companies were partnerships, but made use of some rules of trusts law in an attempt to emulate the benefits of incorporation' (printed 183).
THE UNIT IS THE DEED-OF-SETTLEMENT COMPANY AND NOT THE WIDER CLASS OF ENGLISH ASSOCIATIONS CONSTITUTED BY TRUST DEED, AND THE REASON IS EVIDENTIAL RATHER THAN TIDY. Televantos's chapter 2 treats TWO trust-using business forms, and they take OPPOSITE VALUES on the census's owner-shielding question. The deed-of-settlement company had none: its shareholders were partners, personally liable without limit, and clauses purporting to limit that liability 'were not fully effective' (44-46, 172). The TESTAMENTARY TRADING TRUST did: on Ex p Garland (1804) the trustee's indemnity, and so the trade creditors' reach into the testamentary estate, was capped at the sum the will set aside, which Televantos calls in terms 'an example of how trusts could create limited liability trading entities' (56-60). A single row spanning both would take both values on AP3 and LR1, which is the condition under which voc was split on 2026-08-29 and under which partenrederij was held apart from the open rederij on 2026-08-29. The testamentary trading trust is in any case not an association - it has no members - and is proposed as an ACQUISITION, not as a row.
ALSO OUT OF SCOPE: the ordinary Regency partnership of owner-managers (Televantos chapter 1), whose default rules this form's deed exists to displace; jointly run shipping and mining businesses, which 'were not treated as partnerships' (16 n 5); and chartered or statutory corporations, whose privileges 'lay in the gift of the Crown or Parliament' (172).
BOUNDARY WITH THE EXISTING joint_stock ROW, RESOLVED ON THE EVIDENCE AND FLAGGED FOR DOCUMENTATION. joint_stock reads 'Joint-stock corporation | European | 17c onward | Harris 2020' and carries NO SCOPE NOTE, and Televantos's glossary makes 'joint stock company' a synonym for the present form. But joint_stock is NOT uncoded - it carries two cells, and its LP1=1 has the cell note 'chartered legal personhood', which fixes its referent as the CHARTERED corporation. This row codes LP1=0. The two therefore differ on the first characteristic either touches and there is no coding collision. A draft scope note for joint_stock, to be applied with this batch rather than ahead of it, is at proposed-of/PATCH-joint-stock-scope-2026-09-05.md; it also flags that joint_stock is on its face an umbrella over the three coded voc rows.
PERIOD AND EVIDENCE ARE NOT CO-EXTENSIVE, AND THAT IS THIS ROW'S MAIN WEAKNESS - the partenrederij problem again. The period claimed runs from the Bubble Act 1720, which by making it an offence to raise capital by issuing transferable stock without Charter or Act drove counsel to invent the form (35-36), to the Joint Stock Companies Act 1844, which forced large partnerships to incorporate by registration (52). EVERY CODED CELL RESTS ON EVIDENCE FROM 1790-1827, the period Televantos's book covers, supplemented by his reading of DuBois (1938) for the eighteenth century and of Freeman, Pearson and Taylor (2012), who find that 209 of the 224 large partnerships they examine between 1720 and 1840 used trusts in their articles (31). FP4 in particular would flip at 1844 by definition.
CODED 2026-09-05 by ai from the blind bundle _blind-shielding-witness-2026-09-05; unreviewed. 32 cells: 23 substantive, 8 .NR, 1 .NA. SOURCE ACTUALLY CODED FROM: Televantos, A., Capitalism Before Corporations. The Morality of Business Associations and the Roots of Commercial Equity and Law (Oxford Legal History Series, OUP 2020), DOI 10.1093/oso/9780198870340.001.0001, verified through CrossRef 2026-09-05. Page offset printed = PDF - 25, verified independently at printed 15, 35, 55, 75, 105, 143 and 175. source_read=partial and the cells say so: the Introduction, chapters 1, 2 and 7, the Conclusion and the Glossary were read in full; chapters 3-6 were not.
RECRUITMENT HAZARD, CARRIED FROM THE SELECTION BRIEF SS11.3 AT THE OPERATOR'S EXPRESS INSTRUCTION THAT IT APPEAR IN THE ROW HEADER. This batch's sources are HKS-sceptics. De ruysscher argues that strong entity shielding was 'excepcional y de minima importancia'; Morley, the intended second witness for the English row, argues against Blair and Hansmann that the corporation was almost never the exclusive source of strong-form entity shielding. Meanwhile compagnia's AP1=1 and AP2=0, and fourteen of its other cells, rest on HKS 2006. SO THE CENSUS IS ACQUIRING ROWS WHOSE EVIDENCE IS DRAWN FROM ONE SIDE OF A LIVE DISPUTE, SET AGAINST AN EXISTING ROW DRAWN FROM THE OTHER, and the fact that they were selected on a source-quality criterion rather than a doctrinal one does not make it not so. AGREEMENT BETWEEN THIS ROW AND compagnia ON ANY ENTITY CHARACTERISTIC IS NOT TWO WITNESSES WHEREVER BOTH SIDES TRACE TO HKS. The corrective named in the brief is Harris 2000, Industrializing English Law, who takes the opposite verdict and is not held.
CO-OCCURRENCE, DECLARED IN THE SELECTION BRIEF SS4.1 BEFORE ANY ROW EXISTED AND IMPLEMENTED HERE. joint_stock at same-polity: settled by MS on 2026-09-05 as TWO INSTITUTIONS - same polity, same century, contrasting regimes, no shared source - and no joint_stock cell is touched by this batch. friendly_society_england@loss_mitigation_forms at same-polity: both are English unincorporated associations holding property through trustees, no shared source, no shared institution. THE REVERSE DECLARATION COULD NOT BE WRITTEN INTO THE COLUMN and is written into that row's key_source prose instead: friendly_society_england already carries cooccurs_with=guild_mutual_aid at basis 'uncertain', and cooccurrence_basis holds ONE basis per row, so adding a same-polity relation there would have degraded an existing declaration to a wrong one. That is a fourth recurrence of the single-basis defect already logged for the assessed negative and the evidential relation; flagged, not repaired. NOT DECLARED against either Antwerp row: different polities, centuries and institutions, no contact. The relation between them is that they answer the same question, which is not what this field records.
NON-INDEPENDENCE, DECLARED: Televantos and De ruysscher cite one another in neither direction - checked by the maintainer and re-checked here by term sweep across both texts - so agreement between this row and either Antwerp row is two witnesses. But both authors take the CATEGORY 'weak entity shielding' from Hansmann, Kraakman and Squire 2006, which is itself a coded source in this census and supplies AP1's own wording. Agreement on AP1 is agreement in a borrowed grid and is not independent of the census. This row rests on ONE source, so nothing internal to it corroborates it, and it may not be treated as two cases against anything. NOTE ALSO that the two Antwerp rows are one source read once and are not two witnesses to each other - see their own type rows. REVERSE CO-OCCURRENCE DECLARATION, WRITTEN HERE 2026-09-07 AT THE OPERATOR'S INSTRUCTION BECAUSE cooccurrence_basis HOLDS ONE BASIS PER ROW. chartered_corporation_england declares this row at same-polity, and the relation is reciprocal: the English chartered joint-stock business corporation and the deed of settlement company are the incorporated and unincorporated counterparts in one polity across one period, contrasting on the first characteristic either touches - that row codes LP1=1 on a quoted incorporation clause (Harris 2000, printed 98), this row codes LP1=0 - with no shared source and no shared institution. THE TWO ROWS ARE TWO WITNESSES TO NOTHING: Televantos 2020 and Harris 2000 are different authors, but the characteristics on which they might have corroborated each other are the ones on which Harris is silent. THE CORRECTIVE THIS ROW'S HEADER NAMED HAS NOW BEEN ACQUIRED AND CODED, AND IT DID NOT DO WHAT THE HEADER EXPECTED. The RECRUITMENT HAZARD paragraph above named Harris 2000 as the corrective to a census acquiring rows from one side of the HKS dispute and recorded that he 'takes the opposite verdict and is not held'. He is now held and coded (2026-09-07, blind bundle _blind-chartered-corporation-2026-09-06). He is independent of Hansmann, Kraakman and Squire - 0 hits on all three, and 0 on 'asset partitioning' and 'entity shielding', measured across the full text - BUT HE NEVER ASKS THE RANKING QUESTION AP1 PUTS, so chartered_corporation_england codes AP1=.NR and can neither corroborate nor contradict this row's AP1=1 or compagnia's. THE HAZARD IS THEREFORE NOT DISCHARGED, and the sentence above should be read with that correction rather than as it stands: the corrective was acquired and returned no evidence on the disputed point. See proposed-of/NOTES-chartered-corporation-coding-2026-09-07.md.",joint_stock;friendly_society_england@loss_mitigation_forms,same-polity
