code,facet,name,value_type,allowed_values,component,work_package,applicability_on,dependence_group,dependence_scope,definition,exemplar
MC1,mechanism,mitigation mechanism,nominal,allocation|spreading|pooling,risk-pooling,WP1,.NA,.NA,.NA,Harris's three-way distinction (2023): allocation assigns the risk to a named party by contract; spreading transfers it to third parties for a premium; pooling mutualises it among stakeholders with no outsider. The sort key of this census.,The characteristic on which Harris's own open question turns - under which conditions was risk spread as opposed to pooled or allocated. QUERIED 2026-08-16: the three values are not exclusive and do not partition; see logbook 1 and logbook 4.
MB1,membership,membership basis,nominal,kinship|locality|occupation|confession|contract|territorial-subject,none,none,.NA,.NA,.NA,Ground on which a participant belongs to the pool.,.NR
MB2,membership,entry restriction,ternary,1|P|0,none,none,.NA,.NA,.NA,Membership is closed or numerically restricted (1 = restricted).,.NR
MB3,membership,participation basis,nominal,voluntary|compulsory,risk-pooling,WP1,.NA,.NA,.NA,"Whether participation is chosen or imposed. Theoretically loaded: if pooling raises each participant's time-average growth rate, compulsion demands an explanation, and the non-excludability of the pooled good is the usual one.",.NR
CN1,contribution,contribution timing,nominal,ex-ante-periodic|ex-ante-lump|ex-post-assessment,risk-pooling,WP1,.NA,.NA,.NA,When contributions fall due. ex-post-assessment is the general-average pattern (contribute after the loss); ex-ante is the fund pattern.,.NR
CN2,contribution,contribution basis,nominal,equal|proportional-to-stake|proportional-to-capacity,loss-sharing,WP1,.NA,.NA,.NA,How each member's contribution is measured.,.NR
CN3,contribution,contribution enforceability,ternary,1|P|0,loss-sharing,WP1,.NA,.NA,.NA,Non-payment can be compelled or sanctioned (1 = enforceable).,.NR
HZ1,hazard,hazard correlation,nominal,idiosyncratic|covariate|mixed,risk-pooling,WP1,.NA,.NA,.NA,"Correlation of the hazard across members, which sets the sign of the pooling. Idiosyncratic hazards diversify; covariate hazards synchronise and can make the pool worse than no pool.",.NR
HZ2,hazard,hazard responsiveness,ternary,1|P|0,risk-pooling,WP1,.NA,.NA,.NA,"The hazard responds to the defence mounted against it (1 = adversarial, e.g. an enemy fleet; 0 = indifferent, e.g. a storm).",.NR
PY0,payout,pool output,nominal,collective-good|individual-indemnity|individual-draw,risk-pooling,WP1,MC1,.NA,.NA,"What the pool actually produces. collective-good: the fund buys something non-excludable for all members (convoy escort, city walls) and no individual draws on it. individual-indemnity: a member is compensated for a realised loss. individual-draw: a member receives the pot by rotation, lot or auction irrespective of loss. PY1-PY3 presuppose an individual payout and are inapplicable where PY0 is collective-good.","The distinction the first coded form (averia_pool) forced, since PY1 as originally written silently assumed distribution."
PY1,payout,payout trigger,nominal,realised-loss|life-event|rotation|need-assessed,risk-pooling,WP1,PY0,.NA,.NA,What entitles a member to draw on the pool.,.NR
PY2,payout,allocation rule,nominal,rotation-lot|rotation-fixed|auction|indemnity|need-assessed,risk-pooling,WP1,PY0,.NA,.NA,How the draw is allocated among eligible members. Meaningful only where PY1 does not already determine it.,.NR
PY3,payout,payout cap,ternary,1|P|0,outcome-coupling,WP1,PY0,.NA,.NA,The draw is capped independently of the loss suffered (1 = capped).,.NR
LS1,loss-residual,loss-sharing rule,nominal,pro-rata|equal|capped|residual-on-fund,loss-sharing,WP1,.NA,.NA,.NA,How an unmet loss is distributed once the pool is exhausted or insufficient.,.NR
LS2,loss-residual,residual claim on fund,ternary,1|P|0,outcome-coupling,WP1,.NA,.NA,.NA,Members hold a claim on the fund's surplus (1 = yes).,.NR
LS3,loss-residual,liability beyond contribution,ternary,1|P|0,owner-shielding,WP1,.NA,.NA,.NA,"A member can be pursued beyond what he has contributed or agreed to contribute (1 = exposed, 0 = shielded). The participant-side barrier question, and the direct analogue of AP3 in organizational_forms.",.NR
VF1,verification,loss verification mode,nominal,communal-attestation|official-adjudication|documentary|none,none,none,.NA,verification,conditional,HOW a claimed loss is established - the MODE ONLY. Split from the object of verification on 2026-08-13; before that this characteristic silently asked two questions and the values below answer only the first. See VF2 for WHAT is established. Bears on whether the coupling can operate at all; candidate for promotion to outcome-coupling once forms separate it from PY1.,"The split rests on discriminant-validity evidence in Campbell & Fiske's sense: across five forms one mode takes three objects and one object takes three modes, and in friendly_society_england a communal mode carries a dual object within a single form."
VF2,verification,verification object,nominal,loss-occurrence|claimant-need|claimant-fault|conduct-compliance|mixed,none,none,VF1,verification,conditional,"WHAT is established before payment, as distinct from how. loss-occurrence: that the defined misfortune happened or persists. claimant-need: that the claimant has been reduced to want, irrespective of the event. claimant-fault: that the misfortune did not arise from the claimant's own misconduct. conduct-compliance: that the claimant is observing the conditions of relief while drawing it. mixed: two or more of these at once. Ontologically dependent on VF1 - an object of verification presupposes that verification occurs - so VF2 is .NA wherever VF1 is 'none'.","Added 2026-08-13 as the repair of a conflation, not as added resolution: the motivating evidence is in the VF1 notes of guild_box_brabant, guild_box_dutch, guild_relief_england, craft_pension_edinburgh and friendly_society_england, and in logbook 4."
GV1,governance,governance mode,nominal,collective|elder-fixed|external-administered,none,none,.NA,.NA,.NA,Locus of decision-making over the fund.,.NR
DR1,duration,pool duration,nominal,single-event|fixed-cycle|open-ended,none,none,.NA,.NA,.NA,Intended life of the arrangement. A rotating association completes a cycle; a levy runs indefinitely.,.NR
DR2,duration,terminal distribution,nominal,on-completion|on-default|perpetual|none,none,none,DR1,.NA,.NA,What happens to the fund at dissolution. Meaningful only where DR1 is not open-ended.,.NR
RB1,risk-bearing,peril-risk bearer,nominal,capital-provider|labour-provider|third-party|shared|all-stakeholders,loss-sharing,WP1,.NA,.NA,.NA,"Who bears loss from the peril itself - shipwreck, seizure, jettison. Paired with RB2, which asks the same question of loss from the market; the pair exists because the two need not fall on the same party.","Harris's key observation on the sea loan is that peril risk and market risk were allocated to DIFFERENT parties, which RB1/RB2 record separately."
RB2,risk-bearing,market-risk bearer,nominal,capital-provider|labour-provider|third-party|shared|all-stakeholders,loss-sharing,WP1,.NA,.NA,.NA,"Who bears loss from price movement and failed sale, as distinct from loss to the peril itself (RB1).","In the sea loan the borrower keeps this while the lender takes the peril risk; in the commenda both are shared. GAP RECORDED 2026-08-16: Roman and early-modern sources allocate a THIRD class - loss from the borrower's fault, route deviation or illicit cargo - on a fault principle rather than an ownership principle, and no cell holds it. See logbook 4."
RB3,risk-bearing,security or pledge,nominal,vessel|goods|freight|real-estate|surety|personal|general-estate|mixed|none,owner-shielding,WP1,.NA,.NA,.NA,"What secures the advance. VALUE SET WIDENED 2026-08-09 on the tanomoshi-ko evidence, which the original maritime set could not hold: 'cargo' renamed 'goods' so that movables in trade take one state whether at sea or in a warehouse (the at-peril question is RB4's, not this one); 'real-estate' added for land, town lots and storehouses; 'surety' split out of 'personal', which was doing duty both for security on the borrower's own estate and for a third party standing behind him - Kato 1998, 147 makes the suretyship mandatory BECAUSE foreclosure was slow in some jurisdictions, so the two are distinct facts; 'mixed' for arrangements taking property and surety together. WIDENED AGAIN 2026-08-16: 'freight' added, the naulum or nolo being pledged in its own right in three independent corpora; 'general-estate' added for a charge on the whole of the borrower's goods present and future, which is not the same fact as a named parcel of his own property. Does NOT cover a member pledging his claim ON a pool to secure borrowing OUTSIDE it (Matsunaga 1999, 297) - that is a second question and belongs to transferable claims in organizational_forms.","Originally glossed as THE CELL THAT SEPARATES BOTTOMRY FROM RESPONDENTIA - bottomry secured on the ship, respondentia on the goods (Harris 2023). CORRECTED 2026-08-16: on Schuster 2005 the differentia of bottomry is the constitutive pledge and the non-recourse (dingliche) liability, which is LS3, not the object of security; the ship/goods pair is English usage for one continental institution. In Zeno's Palermo corpus a named object of security appears in about 10 of 91 loan documents and the ship-or-goods choice in 7. See logbook 4."
RB4,risk-bearing,discharge on total loss,ternary,1|P|0,owner-shielding,WP1,.NA,.NA,.NA,The obligation is extinguished if the venture is lost (1 = discharged).,The sea loan's defining feature and the reason canon law read it as usurious: the lender is paid for bearing peril. RETIREMENT PROPOSED 2026-08-16: the value is window-dependent rather than form-dependent - discharge holds only intra praestitutos dies - and the content is recoverable from RB1. See logbook 4.
PR1,pricing,peril priced ex ante,ternary,1|P|0,risk-pooling,WP1,.NA,.NA,.NA,"Whether the cost of bearing the peril is set before the event (1 = priced). Deliberately says PERIL, not risk: the characteristic measures the movement from a hazard conception (an event that may befall, no distribution, not priceable) to a risk conception (a quantified distribution, priceable, transferable to a party with no stake), so it cannot be named with the endpoint of the shift it measures. CODING RULE: a premium recovered by inference from a freight rate or an exchange rate is analyst-imposed, never articulated.","Knight's threshold as Harris applies it: general average needs no ex-ante price because all calculation is ex post, which is why it is ancient; premium insurance requires one, which is why it waits until c.1300; the sea loan prices crudely and sits between. QUERIED 2026-08-16 on Lohsse 2016: c.1300 may date a doctrinal permission rather than a conceptual threshold - Naviganti caught interest promised solely as consideration for bearing peril, suppressing a concept already argued at the start of the 13c. See logbook 4."
