census,record_id,type_id,char_id,recoding_id_blind
organizational_forms,OF-0078,commenda,TS2,OF-R0065
organizational_forms,OF-0079,commenda,AP3,OF-R0066
organizational_forms,OF-0080,commenda,LR1,OF-R0067
organizational_forms,OF-0081,commenda,LR2,OF-R0068
organizational_forms,OF-0082,commenda,LR3,OF-R0069
organizational_forms,OF-0083,commenda,LR4,OF-R0070
organizational_forms,OF-0084,commenda,LR5,OF-R0071
organizational_forms,OF-0085,commenda,CF1,OF-R0072
organizational_forms,OF-0086,commenda,CF2,OF-R0073
organizational_forms,OF-0087,commenda,CF3,OF-R0074
organizational_forms,OF-0090,commenda,LR6,OF-R0075
organizational_forms,OF-0283,societas_maris,TS2,OF-R0076
organizational_forms,OF-0284,societas_maris,AP3,OF-R0077
organizational_forms,OF-0285,societas_maris,LR1,OF-R0078
organizational_forms,OF-0286,societas_maris,LR2,OF-R0079
organizational_forms,OF-0287,societas_maris,LR3,OF-R0080
organizational_forms,OF-0288,societas_maris,LR4,OF-R0081
organizational_forms,OF-0289,societas_maris,LR5,OF-R0082
organizational_forms,OF-0290,societas_maris,CF1,OF-R0083
organizational_forms,OF-0291,societas_maris,CF2,OF-R0084
organizational_forms,OF-0292,societas_maris,CF3,OF-R0085
organizational_forms,OF-0293,societas_maris,LR6,OF-R0086
organizational_forms,OF-0550,commenda,LP1,OF-R0087
organizational_forms,OF-0551,commenda,LP2,OF-R0088
organizational_forms,OF-0552,commenda,LP3,OF-R0089
organizational_forms,OF-0553,commenda,AP1,OF-R0090
organizational_forms,OF-0554,commenda,AP2,OF-R0091
organizational_forms,OF-0555,commenda,AP4,OF-R0092
organizational_forms,OF-0556,commenda,CI1,OF-R0093
organizational_forms,OF-0557,commenda,CI2,OF-R0094
organizational_forms,OF-0558,commenda,CI3,OF-R0095
organizational_forms,OF-0559,commenda,CI4,OF-R0096
organizational_forms,OF-0560,societas_maris,LP1,OF-R0097
organizational_forms,OF-0561,societas_maris,LP2,OF-R0098
organizational_forms,OF-0562,societas_maris,LP3,OF-R0099
organizational_forms,OF-0563,societas_maris,AP1,OF-R0100
organizational_forms,OF-0564,societas_maris,AP2,OF-R0101
organizational_forms,OF-0565,societas_maris,AP4,OF-R0102
organizational_forms,OF-0566,societas_maris,CI1,OF-R0103
organizational_forms,OF-0567,societas_maris,CI2,OF-R0104
organizational_forms,OF-0568,societas_maris,CI3,OF-R0105
organizational_forms,OF-0569,societas_maris,CI4,OF-R0106
loss_mitigation_forms,LM-0527,commenda_alloc,MC1,LM-R0001
loss_mitigation_forms,LM-0528,commenda_alloc,MB3,LM-R0002
loss_mitigation_forms,LM-0529,commenda_alloc,RB1,LM-R0003
loss_mitigation_forms,LM-0530,commenda_alloc,RB2,LM-R0004
loss_mitigation_forms,LM-0531,commenda_alloc,RB3,LM-R0005
loss_mitigation_forms,LM-0532,commenda_alloc,RB4,LM-R0006
loss_mitigation_forms,LM-0533,commenda_alloc,PR1,LM-R0007
loss_mitigation_forms,LM-0534,commenda_alloc,PY0,LM-R0008
loss_mitigation_forms,LM-0535,commenda_alloc,VF1,LM-R0009
loss_mitigation_forms,LM-0536,commenda_alloc,VF2,LM-R0010
loss_mitigation_forms,LM-0555,societas_maris,MC1,LM-R0011
loss_mitigation_forms,LM-0556,societas_maris,MB3,LM-R0012
loss_mitigation_forms,LM-0557,societas_maris,RB1,LM-R0013
loss_mitigation_forms,LM-0558,societas_maris,RB2,LM-R0014
loss_mitigation_forms,LM-0559,societas_maris,RB3,LM-R0015
loss_mitigation_forms,LM-0560,societas_maris,RB4,LM-R0016
loss_mitigation_forms,LM-0561,societas_maris,PR1,LM-R0017
loss_mitigation_forms,LM-0562,societas_maris,PY0,LM-R0018
loss_mitigation_forms,LM-0563,societas_maris,VF1,LM-R0019
